##------ Mon Jun 13 18:13:32 2011 ------##,added Options Index to options ,./data/downloaded/fo20MAY2011bhav.csv,
##------ Mon Jun 13 18:13:33 2011 ------##,added Options Stock to options ,./data/downloaded/fo20MAY2011bhav.csv,
##------ Mon Jun 13 18:13:33 2011 ------##,added Future Index to table Future ,./data/downloaded/fo20MAY2011bhav.csv,
##------ Mon Jun 13 18:13:33 2011 ------##,added Future Stock to table future ,./data/downloaded/fo20MAY2011bhav.csv,
##------ Mon Jun 13 18:24:10 2011 ------##,added to equity ,./data/downloaded/cm12MAY2011bhav.csv,
##------ Mon Jun 13 18:24:10 2011 ------##,added to equity ,./data/downloaded/cm16MAY2011bhav.csv,
##------ Mon Jun 13 18:24:10 2011 ------##,added to equity ,./data/downloaded/cm17MAY2011bhav.csv,
##------ Mon Jun 13 18:24:10 2011 ------##,added to equity ,./data/downloaded/cm18MAY2011bhav.csv,
##------ Mon Jun 13 18:24:10 2011 ------##,added to equity ,./data/downloaded/cm19MAY2011bhav.csv,
##------ Mon Jun 13 18:24:10 2011 ------##,added to equity ,./data/downloaded/cm20MAY2011bhav.csv,
##------ Mon Jun 13 18:24:11 2011 ------##,added Options Index to options ,./data/downloaded/fo20MAY2011bhav.csv,
##------ Mon Jun 13 18:24:11 2011 ------##,added Options Stock to options ,./data/downloaded/fo20MAY2011bhav.csv,
##------ Mon Jun 13 18:24:11 2011 ------##,added Future Index to table Future ,./data/downloaded/fo20MAY2011bhav.csv,
##------ Mon Jun 13 18:24:11 2011 ------##,added Future Stock to table future ,./data/downloaded/fo20MAY2011bhav.csv,
